signal_bar,direction,decision,pass_count,failed
2026.01.02 06:00 (fill bar),BUY,ACCEPT,5,
2026.01.06 01:00,BUY,REJECT,2,PSAR ADX
2026.01.06 17:00,SELL,REJECT,4,ADX
2026.01.13 09:00,SELL,REJECT,3,ADX
2026.01.13 11:00,BUY,REJECT,2,ADX
2026.01.13 15:00,SELL,REJECT,2,PSAR ADX
2026.01.13 16:00,BUY,REJECT,2,ADX
2026.01.13 18:00,SELL,REJECT,4,ADX
2026.01.19 07:00,BUY,REJECT,4,ADX
2026.01.22 01:00 (fill bar),SELL,ACCEPT,5,
2026.01.29 18:00,SELL,REJECT,4,ADX
2026.01.30 01:00,BUY,REJECT,3,ADX
2026.01.30 03:00,SELL,REJECT,4,ADX
2026.02.04 07:00,BUY,REJECT,4,ADX
2026.02.04 17:00,SELL,REJECT,4,ADX
2026.02.06 18:00 (fill bar),BUY,ACCEPT,5,
2026.02.11 18:00 (fill bar),SELL,ACCEPT,5,
2026.02.24 01:00,SELL,REJECT,4,
2026.02.25 16:00,SELL,REJECT,2,PSAR ADX
2026.02.25 18:00,BUY,REJECT,4,ADX
2026.02.26 20:00,SELL,REJECT,4,ADX
2026.02.27 07:00,BUY,REJECT,4,ADX
2026.02.27 16:00,SELL,REJECT,1,PSAR ADX
2026.02.27 18:00,BUY,REJECT,3,ADX
2026.03.02 02:00,SELL,REJECT,4,ADX
2026.03.05 02:00,BUY,REJECT,2,ADX
2026.03.05 06:00,SELL,REJECT,3,ADX
2026.03.09 22:00,BUY,REJECT,4,ADX
2026.03.11 14:00 (fill bar),SELL,ACCEPT,5,
2026.03.16 18:00,BUY,REJECT,4,PSAR
2026.03.18 21:00,SELL,REJECT,4,ADX
2026.03.23 10:00,SELL,REJECT,3,PSAR
2026.03.23 16:00,BUY,REJECT,4,ADX
2026.03.25 19:00 (fill bar),SELL,ACCEPT,5,
2026.03.31 18:00 (fill bar),BUY,ACCEPT,5,
2026.04.13 06:00,SELL,REJECT,3,ADX
2026.04.13 18:00,BUY,REJECT,4,
2026.04.16 17:00 (fill bar),SELL,ACCEPT,5,
2026.04.17 14:00,BUY,REJECT,4,ADX
2026.04.20 22:00,BUY,REJECT,4,
2026.04.21 13:00 (fill bar),SELL,ACCEPT,5,
2026.04.24 20:00 (fill bar),BUY,ACCEPT,5,
2026.04.28 06:00,SELL,REJECT,4,ADX
2026.04.30 18:00,BUY,REJECT,4,ADX
2026.05.04 12:00,SELL,REJECT,3,ADX
2026.05.06 03:00,BUY,REJECT,4,ADX
2026.05.08 02:00 (fill bar),SELL,ACCEPT,5,
2026.05.08 13:00,BUY,REJECT,4,
2026.05.12 08:00,SELL,REJECT,4,PSAR
2026.05.18 20:00,BUY,REJECT,4,ADX
2026.05.18 22:00,SELL,REJECT,1,PSAR ADX
2026.05.18 23:00,BUY,REJECT,2,ADX
2026.05.19 12:00 (fill bar),SELL,ACCEPT,5,
2026.05.20 23:00,BUY,REJECT,4,ADX
2026.05.21 15:00,SELL,REJECT,4,ADX
2026.05.22 03:00,BUY,REJECT,3,ADX
2026.05.22 06:00,SELL,REJECT,3,PSAR
2026.05.22 08:00,BUY,REJECT,3,PSAR
2026.05.22 09:00,SELL,REJECT,4,
2026.05.25 01:00,BUY,REJECT,4,ADX
2026.05.26 19:00 (fill bar),SELL,ACCEPT,5,
2026.05.27 05:00,BUY,REJECT,3,PSAR ADX
2026.05.27 21:00,SELL,REJECT,4,ADX
2026.05.28 20:00 (fill bar),BUY,ACCEPT,5,
2026.06.02 14:00,BUY,REJECT,3,ADX
2026.06.02 20:00,SELL,REJECT,4,ADX
2026.06.04 16:00 (fill bar),BUY,ACCEPT,5,
2026.06.05 02:00,SELL,REJECT,4,
2026.06.09 13:00,BUY,REJECT,4,ADX
2026.06.10 03:00 (fill bar),SELL,ACCEPT,5,
2026.06.10 11:00,BUY,REJECT,4,
2026.06.11 00:00,SELL,REJECT,4,ADX
2026.06.11 23:00,BUY,REJECT,4,ADX
2026.06.16 09:00 (fill bar),SELL,ACCEPT,5,
2026.06.16 12:00,BUY,REJECT,4,
2026.06.17 18:00 (fill bar),SELL,ACCEPT,5,
2026.06.25 20:00,BUY,REJECT,4,ADX
2026.06.26 06:00,SELL,REJECT,3,PSAR ADX
2026.06.26 07:00,BUY,REJECT,4,ADX
2026.06.30 12:00,SELL,REJECT,4,PSAR
2026.06.30 18:00,BUY,REJECT,4,
2026.07.01 11:00,SELL,REJECT,4,
2026.07.02 13:00 (fill bar),BUY,ACCEPT,5,
2026.07.06 10:00,SELL,REJECT,4,
2026.07.07 13:00,SELL,REJECT,3,ADX
2026.07.07 16:00,BUY,REJECT,3,ADX
2026.07.07 19:00,SELL,REJECT,3,ADX
2026.07.09 04:00,BUY,REJECT,4,ADX
2026.07.10 18:00,SELL,REJECT,2,PSAR ADX
2026.07.10 19:00,BUY,REJECT,4,ADX
2026.07.10 20:00,SELL,REJECT,4,ADX
2026.07.13 16:00,BUY,REJECT,2,PSAR ADX
2026.07.13 17:00,SELL,REJECT,4,ADX
2026.07.16 22:00,SELL,REJECT,4,PSAR
2026.07.27 06:00 (fill bar),BUY,ACCEPT,5,
2026.07.27 18:00,SELL,REJECT,4,
2026.07.28 21:00 (fill bar),BUY,ACCEPT,5,
2026.08.03 23:00,SELL,REJECT,3,ADX
2026.08.04 18:00,BUY,REJECT,4,ADX
2026.08.12 16:00,BUY,REJECT,4,ADX
2026.08.12 20:00,SELL,REJECT,4,ADX
2026.08.13 18:00,BUY,REJECT,3,ADX
2026.08.13 20:00,SELL,REJECT,3,ADX
2026.08.14 04:00,BUY,REJECT,3,
2026.08.18 11:00,SELL,REJECT,2,PSAR ADX
2026.08.18 18:00,BUY,REJECT,4,ADX
2026.08.18 23:00,SELL,REJECT,2,ADX
2026.08.19 06:00,BUY,REJECT,4,ADX
2026.08.24 10:00,SELL,REJECT,3,ADX
2026.08.25 21:00,BUY,REJECT,4,ADX
2026.08.26 09:00,SELL,REJECT,3,PSAR
2026.08.26 12:00,BUY,REJECT,3,PSAR ADX
2026.08.26 13:00,SELL,REJECT,4,ADX
